Geometry,Freq (Hz),Range,Time Slot (s),Channel,Channel Capacity,BER,
VL,0.6,1,0.06,Rx0,15.6579,0.182689,
VL,0.6,1,0.06,Rx1,14.7989,0.195327,
VL,0.6,1,0.06,Rx2,14.9114,0.193795,
VL,0.6,1,0.06,Rx3,14.9396,0.204902,
VL,0.6,1,0.06,Rx4,14.3209,0.191498,
