Geometry,Freq (Hz),Range,Time Slot (s),Channel,Channel Capacity,BER,
HL,0.5,1,0.5,Rx0Tx0,0.317238,0.44709,
HL,0.5,1,0.5,Rx0Tx1,0.65564,0.481481,
HL,0.5,1,0.5,Rx1Tx0,1.17727,0.375661,
HL,0.5,1,0.5,Rx1Tx1,1.0895,0.386243,
HL,0.5,1,0.5,Rx2Tx0,0.828066,0.465608,
HL,0.5,1,0.5,Rx2Tx1,0.828066,0.47619,
HL,0.5,1,0.5,Rx3Tx0,0.914874,0.37037,
HL,0.5,1,0.5,Rx3Tx1,1.35361,0.404762,
HL,0.5,1,0.5,Rx4Tx0,0.914874,0.468254,
HL,0.5,1,0.5,Rx4Tx1,0.828066,0.465608,
