Time Slot,Horizontal Line,Vertical Line,Cross,Diamond
0.02,0.572756,0.848817,0.848063,0.600773
0.04,0.490624,0.877959,0.885343,0.512223
0.06,0.407579,0.881762,0.872504,0.454893
0.08,0.347256,0.868692,0.837851,0.38611
0.1,0.288745,0.850561,0.820106,0.327241
0.12,0.254821,0.820637,0.820178,0.263668
0.14,0.21564,0.825098,0.796193,0.225296
0.16,0.202137,0.787045,0.770125,0.204464
0.18,0.166501,0.794616,0.759921,0.171457
0.2,0.154015,0.760703,0.766376,0.159912
